SQL> --1--
SQL> SELECT DNAME
  2  FROM DEPT
  3  WHERE DEPTNO IN (SELECT DEPTNO
  4                   FROM EMP
  5                   WHERE ENAME='SMITH');

DNAME                                                                                                                                                                                                   
--------------                                                                                                                                                                                          
RESEARCH                                                                                                                                                                                                

SQL> --2--
SQL> SELECT DNAME,LOC
  2  FROM DEPT
  3  WHERE DEPTNO IN(SELECT DEPTNO
  4                  FROM EMP
  5                  WHERE ENAME='KING');

DNAME          LOC                                                                                                                                                                                      
-------------- -------------                                                                                                                                                                            
ACCOUNTING     NEW YORK                                                                                                                                                                                 

SQL> --3--
SQL> SELECT LOC
  2  FROM DEPT
  3  WHERE DEPTNO IN (SELECT DEPTNO
  4                   WHERE EMP
  5                  ED
  6  \ED
  7  ED
  8  
SQL> 
SQL> SELECT LOC
  2  FROM DEPT
  3  WHERE DEPTNO IN (SELECT DEPTNO
  4                   FROM EMP
  5                   WHERE EMPNO='7902');

LOC                                                                                                                                                                                                     
-------------                                                                                                                                                                                           
DALLAS                                                                                                                                                                                                  

SQL> --4--
SQL> SELECT DNAME,LOC
  2  FROM DEPT
  3  WHERE DEPTNO IN(SELECT DEPTNO
  4                  FROM EMP
  5                  WHERE ENAME LIKE '%R');

DNAME          LOC                                                                                                                                                                                      
-------------- -------------                                                                                                                                                                            
ACCOUNTING     NEW YORK                                                                                                                                                                                 
SALES          CHICAGO                                                                                                                                                                                  

SQL> --5--
SQL> SELECT DNAME
  2  FROM EMP'
  3  WHERE DEPTNO
  4  
SQL> SELECT DNAME
  2  FROM DEPT
  3  WHERE DEPTNO IN (SELECT DEPTNO
  4                   FROM EMP
  5                   WHERE JOB='PRESIDENT');

DNAME                                                                                                                                                                                                   
--------------                                                                                                                                                                                          
ACCOUNTING                                                                                                                                                                                              

SQL> --6--
SQL> SELECT ENAME
  2  FROM EMP
  3  WHERE DEPTNO IN (SELECT DEPTNO
  4                   FROM DEPT
  5                   WHERE DNAME='ACCOUNTING');

ENAME                                                                                                                                                                                                   
----------                                                                                                                                                                                              
CLARK                                                                                                                                                                                                   
KING                                                                                                                                                                                                    
MILLER                                                                                                                                                                                                  

SQL> --7--
SQL> SELECT ENAME,SAL
  2  FROM EMP
  3  WHERE DEPTNO IN (SELECT DEPTNO
  4                   FROM DEPT
  5                   WHERE LOC='CHICAGO');

ENAME             SAL                                                                                                                                                                                   
---------- ----------                                                                                                                                                                                   
ALLEN            1600                                                                                                                                                                                   
WARD             1250                                                                                                                                                                                   
MARTIN           1250                                                                                                                                                                                   
BLAKE            2850                                                                                                                                                                                   
TURNER           1500                                                                                                                                                                                   
JAMES             950                                                                                                                                                                                   

6 rows selected.

SQL> --8--
SQL> SELECT *
  2  FROM EMP
  3  WHERE DEPTNO IN (SELECT DEPTNO
  4                   FROM DEPT
  5                   WHERE DNAME='SALES');

     EMPNO ENAME      JOB              MGR HIREDATE         SAL       COMM     DEPTNO                                                                                                                   
---------- ---------- --------- ---------- --------- ---------- ---------- ----------                                                                                                                   
      7499 ALLEN      SALESMAN        7698 20-FEB-81       1600        300         30                                                                                                                   
      7521 WARD       SALESMAN        7698 22-FEB-81       1250        500         30                                                                                                                   
      7654 MARTIN     SALESMAN        7698 28-SEP-81       1250       1400         30                                                                                                                   
      7698 BLAKE      MANAGER         7839 01-MAY-81       2850                    30                                                                                                                   
      7844 TURNER     SALESMAN        7698 08-SEP-81       1500          0         30                                                                                                                   
      7900 JAMES      CLERK           7698 03-DEC-81        950                    30                                                                                                                   

6 rows selected.

SQL> --9--
SQL> SELECT *
  2  
SQL> SELECT EMP.*,SAL*12
  2  FROM EMP
  3  WHERE DEPTNO IN(SELECT DEPTNO
  4                   FROM DEPT
  5                   WHERE LOC='NEW YORK');

     EMPNO ENAME      JOB              MGR HIREDATE         SAL       COMM     DEPTNO     SAL*12                                                                                                        
---------- ---------- --------- ---------- --------- ---------- ---------- ---------- ----------                                                                                                        
      7782 CLARK      MANAGER         7839 09-JUN-81       2450                    10      29400                                                                                                        
      7839 KING       PRESIDENT            17-NOV-81       5000                    10      60000                                                                                                        
      7934 MILLER     CLERK           7782 23-JAN-82       1300                    10      15600                                                                                                        

SQL> --10--
SQL> SELECT ENAME
  2  FROM EMP
  3  WHERE DEPTNO IN(SELECT DEPTNO
  4                  FROM DEPT
  5                  WHERE DNAME='OPERATIONS');

no rows selected

SQL> SPOOL;
currently spooling to C:\Users\LENOVO\Desktop\SQL\SUBQUERY-CASE2.LST
SQL> SPOOL OFF;
